x,y,v_x,v_y,t
104175.0,0.0,-24.5,42.43524478543749,2985.0
104039.0070162166,176.59765112094902,-27.198596756681784,35.319530224189805,2990.0
103925.28242731566,381.90100139133256,-22.744917780187716,41.06067005407671,2995.0
103811.55153358036,587.2007132255136,-22.746178747060128,41.059942366836204,3000.0
103697.81432488599,792.4967805303302,-22.747441738876333,41.059213460963306,3005.0
103584.07079107431,997.7891971920693,-22.748706762335413,41.058483332347826,3010.0
103470.32092195346,1203.0779570763627,-22.749973824170073,41.057751976858675,3015.0
103356.56470729773,1408.3630540280815,-22.751242931146876,41.05701939034373,3020.0
103242.8021368474,1613.6444818712303,-22.752514090066406,41.056285568629754,3025.0
103129.03320030858,1818.922234408841,-22.753787307763563,41.05555050752215,3030.0
103015.25788735304,2024.1963054228654,-22.75506259110778,41.05481420280489,3035.0
102901.47618761803,2229.466688674067,-22.75633994700323,41.054076650240354,3040.0
102787.68809070608,2434.7333779019127,-22.757619382389084,41.053337845569146,3045.0
102673.89358618489,2639.9963668244627,-22.758900904239763,41.05259778451001,3050.0
102560.09266358706,2845.255649138261,-22.760184519565126,41.051856462759645,3055.0
102446.28531241001,3050.511218518224,-22.761470235410805,41.051113875992506,3060.0
102332.47152211571,3255.7630686175276,-22.762758058858317,41.05037001986073,3065.0
102218.65128213058,3461.0111930674975,-22.764047997025443,41.04962488999395,3070.0
102104.82458184524,3666.2555854774932,-22.7653400570664,41.048878481999125,3075.0
101990.99141061438,3871.4962394347954,-22.766634246172085,41.048130791460395,3080.0
101877.15175775654,4076.73314850449,-22.767930571570403,41.04738181393893,3085.0
101763.3056125539,4281.966306229354,-22.769229040526422,41.04663154497276,3090.0
101649.45296425218,4487.195706129737,-22.7705296603427,41.04587998007659,3095.0
101522.65110224424,4684.394889506202,-25.36037240158626,39.43983667529307,3100.0
101408.80959981693,4889.630729902282,-22.76830048546289,41.047168079215886,3105.0
101294.96155952275,5094.86279257342,-22.769608058836766,41.04641253422761,3110.0
101181.10697045563,5300.091070948399,-22.7709178134239,41.04565567499581,3115.0
101067.24582167203,5505.315558432977,-22.77222975672075,41.044897496915716,3120.0
100953.3781021907,5710.536248409769,-22.773543896262844,41.04413799535829,3125.0
100839.50380099258,5915.753134238119,-22.77486023962503,41.04337716567003,3130.0
100725.62290702047,6120.966209253983,-22.776178794421824,41.04261500317276,3135.0
100611.73540917893,6326.175466769801,-22.777499568307604,41.04185150316353,3140.0
100497.84129633405,6531.380900074372,-22.778822568976935,41.04108666091432,3145.0
100383.94055731322,6736.582502432732,-22.78014780416486,41.04032047167201,3150.0
100270.03318090498,6941.780267086023,-22.78147528164715,41.039552930658104,3155.0
100156.11915585877,7146.974187251366,-22.78280500924062,41.03878403306857,3160.0
100042.19847088476,7352.164256121734,-22.78413699480343,41.038013774073654,3165.0
99928.27111465359,7557.350466865822,-22.78547124623533,41.03724214881772,3170.0
99814.3370757962,7762.532812627917,-22.786807771478014,41.03646915241904,3175.0
99700.39634290362,7967.711286527765,-22.788146578515363,41.0356947799696,3180.0
99586.44890452675,8172.88588166044,-22.789487675373795,41.03491902653494,3185.0
99472.49474917614,8378.056591096209,-22.790831070122554,41.03414188715396,3190.0
99358.53386532178,8583.223407880401,-22.792176770873986,41.03336335683867,3195.0
99244.56624139285,8788.386325033272,-22.793524785783887,41.03258343057408,3200.0
99130.59186577759,8993.545335549863,-22.794875123051785,41.03180210331798,3205.0
99016.61072682298,9198.700432399866,-22.7962277909213,41.031019370000664,3210.0
98902.62281283458,9403.85160852749,-22.797582797680402,41.03023522552485,3215.0
98788.62811207627,9608.998856851316,-22.79894015166179,41.0294496647654,3220.0
98674.62661277005,9814.142170264162,-22.80029986124316,41.02866268256915,3225.0
98560.61830309582,10019.281541632936,-22.801661934847566,41.027874273754676,3230.0
98446.6031711911,10224.416963798496,-22.803026380943763,41.027084433112115,3235.0
98332.58120515087,10429.54842957551,-22.804393208046488,41.026293155402946,3240.0
98218.55239302729,10634.67593175231,-22.805762424716843,41.025500435359774,3245.0
98104.51672282947,10839.799463090741,-22.807134039562623,41.02470626768613,3250.0
97990.47418252328,11044.919016326023,-22.808508061238634,41.02391064705623,3255.0
97876.42476003105,11250.034584166597,-22.809884498447058,41.023113568114816,3260.0
97762.36844323136,11455.146159293981,-22.811263359937822,41.022315025476836,3265.0
97648.30521995881,11660.253734362617,-22.812644654508883,41.021515013727345,3270.0
97534.23507800378,11865.357301999724,-22.814028391006673,41.020713527421194,3275.0
97420.15800511216,12070.456854805137,-22.81541457832636,41.019910561082824,3280.0
97306.0739889851,12275.552385351168,-22.816803225412297,41.01910610920607,3285.0
97191.9830172788,12480.643886182437,-22.81819434125833,41.0183001662539,3290.0
97080.13164604337,12685.357858359108,-22.370274247086485,40.942794435334015,3295.0
96968.27030039152,12890.066050887797,-22.372269130371354,40.94163850573785,3300.0
96856.39896280528,13094.76845298919,-22.374267517247745,40.94048042027879,3305.0
96744.51761570295,13299.465053843665,-22.376269420465245,40.939320170894995,3310.0
96632.62624143873,13504.155842591063,-22.37827485284393,40.93815774947925,3315.0
96520.72482230236,13708.840808330455,-22.380283827274916,40.93699314787861,3320.0
96408.81334051875,13913.519940119926,-22.382296356720865,40.935826357894136,3325.0
96296.89177824768,14118.193226976327,-22.38431245421652,40.93465737128043,3330.0
96184.96011758334,14322.860657875055,-22.38633213286927,40.933486179745394,3335.0
96073.01834055404,14527.522221749805,-22.388355405859663,40.9323127749498,3340.0
95961.06642912184,14732.17790749234,-22.39038228644197,40.931137148506984,3345.0
95849.10436518212,14936.827703952253,-22.392412787944735,40.92995929198244,3350.0
95737.13213056327,15141.47159993672,-22.394446923771337,40.9287791968935,3355.0
95625.14970702627,15346.109584210264,-22.39648470740054,40.927596854708916,3360.0
95513.15707626434,15550.741645494507,-22.39852615238709,40.92641225684853,3365.0
95401.15421990253,15755.367772467922,-22.400571272362267,40.9252253946829,3370.0
95289.14111949736,15959.987953765587,-22.402620081034488,40.92403625953287,3375.0
95177.11775653642,16164.602177978933,-22.404672592189847,40.92284484266926,3380.0
95065.08411243795,16369.210433655495,-22.406728819692766,40.92165113531241,3385.0
94953.04016855052,16573.812709298654,-22.408788777486553,40.92045512863186,3390.0
94840.98590615255,16778.408993367382,-22.410852479594034,40.91925681374587,3395.0
94728.92130645196,16982.99927427599,-22.412919940118112,40.91805618172113,3400.0
94616.84635058575,17187.58354039385,-22.41499117324244,40.916853223572254,3405.0
94504.76101961959,17392.161780045157,-22.41706619323202,40.91564793026145,3410.0
94392.66529454742,17596.73398150865,-22.419145014433802,40.91444029269807,3415.0
94280.55915629103,17801.30013301734,-22.421227651277363,40.91323030173822,3420.0
94168.44258569965,18005.86022275826,-22.42331411827551,40.912017948184314,3425.0
94056.31556354953,18210.414238872185,-22.42540443002495,40.91080322278469,3430.0
93944.1780705435,18414.96216945335,-22.427498601206935,40.90958611623316,3435.0
93832.03008731056,18619.50400254919,-22.429596646587882,40.90836661916859,3440.0
93719.87159440546,18824.039726160063,-22.431698581020104,40.90714472217444,3445.0
93607.70257230825,19028.569328238955,-22.433804419442442,40.9059204157784,3450.0
93495.52300142385,19233.092796691213,-22.43591417688093,40.90469369045182,3455.0
93383.3328620816,19437.61011937426,-22.43802786844953,40.90346453660939,3460.0
93271.13213453486,19642.121284097306,-22.440145509350746,40.90223294460867,3465.0
93158.92079896048,19846.626278621054,-22.442267114876394,40.900998904749514,3470.0
93046.69883545843,20051.125090657424,-22.444392700408265,40.89976240727377,3475.0
92934.46622405134,20255.61770786925,-22.446522281418854,40.89852344236469,3480.0
92822.22294468398,20460.10411786998,-22.448655873472067,40.89728200014657,3485.0
92709.96897722286,20664.584308223402,-22.450793492223962,40.89603807068416,3490.0
92597.70430145574,20869.058266443313,-22.452935153423475,40.894791643982295,3495.0
92485.42889709117,21073.52597999324,-22.45508087291313,40.89354270998532,3500.0
92373.14274375803,21277.987436286123,-22.457230666629844,40.892291258576655,3505.0
92260.845821005,21482.442622684015,-22.459384550605634,40.89103727957828,3510.0
92148.53810830016,21686.891526497766,-22.461542540968424,40.88978076275028,3515.0
92036.21958503044,21891.33413498672,-22.46370465394275,40.88852169779023,3520.0
91923.89023050119,22095.770435358383,-22.4658709058506,40.88726007433285,3525.0
91811.55002393562,22300.20041476813,-22.46804131311219,40.88599588194931,3530.0
91699.19894447438,22504.624060318863,-22.47021589224672,40.88472911014687,3535.0
91586.83697117501,22709.041359060706,-22.47239465987322,40.88345974836825,3540.0
91474.46408301145,22913.45229799066,-22.47457763271133,40.88218778599114,3545.0
91362.08025887354,23117.8568640523,-22.47676482758213,40.88091321232769,3550.0
91249.6854775665,23322.25504413542,-22.478956261408985,40.879636016623905,3555.0
91137.27971781041,23526.646825075717,-22.481151951218344,40.87835618805911,3560.0
91024.86295823971,23731.032193654446,-22.483351914140606,40.877073715745475,3565.0
90912.43517740266,23935.411136598083,-22.485556167410973,40.87578858872738,3570.0
90799.99635376081,24139.783640577985,-22.487764728370305,40.874500795980865,3575.0
90687.54646568849,24344.149692210052,-22.489977614465992,40.873210326413066,3580.0
90575.08549147223,24548.50927805436,-22.492194843252847,40.87191716886165,3585.0
90462.61340931026,24752.86238461483,-22.494416432393965,40.87062131209421,3590.0
90345.49587607592,24949.71488958797,-23.42350664686834,39.37050099462829,3595.0
90232.36761898082,25153.370682580226,-22.625651419020965,40.731158598450996,3600.0
90119.22993398043,25357.020975206116,-22.627537000077808,40.730058525178464,3605.0
90006.08280237866,25560.665755993406,-22.629426320353154,40.72895615745783,3610.0
89892.9262054026,25764.30501342162,-22.631319395211058,40.7278514856431,3615.0
89779.76012420205,25967.938735921758,-22.633216240111537,40.726744500027166,3620.0
89666.58453984899,26171.566911875965,-22.63511687061133,40.72563519084129,3625.0
89553.39943333717,26375.189529617237,-22.637021302364754,40.724523548254574,3630.0
89440.20478558155,26578.806577429103,-22.63892955112449,40.7234095623734,3635.0
89327.00057741783,26782.41804354531,-22.640841632742465,40.722293223240946,3640.0
89213.78678960197,26986.023916149494,-22.642757563170594,40.72117452083663,3645.0
89100.56340280967,27189.62418337487,-22.644677358461752,40.72005344507553,3650.0
88987.33039763581,27393.218833303912,-22.64660103477053,40.71892998580787,3655.0
88874.08775459405,27596.807853968003,-22.64852860835417,40.71780413281845,3660.0
88760.83545411618,27800.391233347134,-22.650460095573393,40.716675875826084,3665.0
88647.57347655171,28003.96895936955,-22.652395512893303,40.71554520448301,3670.0
88534.30180216729,28207.541019911423,-22.654334876884302,40.71441210837434,3675.0
88421.02041114618,28411.10740279651,-22.656278204222957,40.71327657701747,3680.0
88307.72928358772,28614.66809579582,-22.658225511692937,40.712138599861476,3685.0
88194.42839950678,28818.22308662725,-22.66017681618595,40.71099816628654,3690.0
88081.11773883327,29021.772362955267,-22.66213213470263,40.709855265603316,3695.0
87967.7972814115,29225.315912390528,-22.66409148435352,40.70870988705238,3700.0
87854.46700699971,29428.853722489544,-22.666054882360033,40.70756201980354,3705.0
87741.12689526944,29632.38578075432,-22.668022346055384,40.70641165295527,3710.0
87627.77692580501,29835.91207463199,-22.6699938928856,40.70525877553405,3715.0
87514.41707810295,30039.43259151446,-22.671969540410455,40.70410337649375,3720.0
87401.04733157143,30242.94731873803,-22.673949306304547,40.70294544471496,3725.0
87287.66766552965,30446.456243583052,-22.67593320835823,40.7017849690044,3730.0
87174.27805920725,30649.959353273523,-22.67792126447867,40.700621938094166,3735.0
87060.8784917438,30853.45663497673,-22.679913492690865,40.69945634064115,3740.0
86947.4689421881,31056.948075802862,-22.681909911138696,40.69828816522634,3745.0
86834.04938949767,31260.433662804633,-22.683910538085982,40.69711740035412,3750.0
86720.61981253808,31463.91338297689,-22.68591539191751,40.69594403445161,3755.0
86607.18019008238,31667.38722325623,-22.687924491140183,40.694768055867954,3760.0
86493.73050081046,31870.8551705206,-22.68993785438403,40.69358945287363,3765.0
86380.27072330844,32074.3172115889,-22.69195550040337,40.69240821365972,3770.0
86266.80083606805,32277.773333220586,-22.69397744807787,40.69122432633722,3775.0
86153.32081748599,32481.223522115266,-22.69600371641372,40.690037778936286,3780.0
86039.83064586327,32684.667764912294,-22.698034324544754,40.688848559405514,3785.0
85926.33029940461,32888.10604819035,-22.700069291733598,40.687656655611185,3790.0
85812.81975621775,33091.53835846703,-22.702108637372827,40.686462055336506,3795.0
85699.29899431282,33294.964682198435,-22.70415238098616,40.68526474628089,3800.0
85585.76799160166,33498.38500577873,-22.706200542229656,40.68406471605914,3805.0
85472.2267258972,33701.799315539734,-22.708253140892886,40.68286195220069,3810.0
85358.6751749127,33905.20759775048,-22.710310196900206,40.68165644214879,3815.0
85245.11331626114,34108.60983861678,-22.712371730311922,40.68044817325978,3820.0
85131.5411274545,34312.00602428079,-22.714437761325588,40.6792371328022,3825.0
85017.95858590312,34515.39614082057,-22.71650831027727,40.678023307956046,3830.0
84904.3656689149,34718.78017424963,-22.718583397642785,40.676806685811876,3835.0
84790.7623536947,34922.15811051648,-22.720663044039014,40.67558725337005,3840.0
84677.14861734358,35125.52993550418,-22.722747270225206,40.67436499753979,3845.0
84563.52443685806,35328.89563502987,-22.724836097104305,40.67313990513845,3850.0
84449.88978912943,35532.25519484432,-22.726929545724285,40.67191196289053,3855.0
84336.24465094303,35735.60860063146,-22.729027637279486,40.670681157426905,3860.0
84222.58899897747,35938.955838007874,-22.73113039311199,40.66944747528385,3865.0
84108.9228098039,36142.29689252238,-22.73323783471303,40.668210902902196,3870.0
83995.24605988528,36345.63174965551,-22.735349983724337,40.66697142662644,3875.0
83881.55872557558,36548.960394819034,-22.73746686193962,40.665729032703744,3880.0
83767.86078311905,36752.28281335545,-22.739588491305952,40.66448370728313,3885.0
83654.15220864942,36955.598990537525,-22.741714893925234,40.66323543641446,3890.0
83540.43297818914,37158.90891156776,-22.74384609205568,40.66198420604747,3895.0
83426.70306764857,37362.212561577915,-22.74598210811328,40.66073000203088,3900.0
83308.37077442324,37580.952465398615,-23.666458645067703,43.74798076414051,3905.0
83190.01924822712,37799.68107305892,-23.670305239224007,43.74572153206035,3910.0
83071.64843941781,38018.39835303788,-23.674161761861082,43.74345599579179,3915.0
82953.25829809574,38237.10427364476,-23.678028264414987,43.741184121375646,3920.0
82834.84877410212,38455.79880301767,-23.681904798722883,43.73890587458095,3925.0
82716.41981701698,38674.48190912218,-23.68579141702719,43.736621220902094,3930.0
82597.97137615709,38893.15355974996,-23.689688171979814,43.73433012555588,3935.0
82479.50340057386,39111.813722517356,-23.693595116646495,43.73203255347851,3940.0
82361.0158390513,39330.46236486397,-23.697512304511083,43.7297284693227,3945.0
82242.5086401039,39549.09945405124,-23.701439789479988,43.727417837454496,3950.0
82123.98175197447,39767.724957160994,-23.70537762588667,43.72510062195026,3955.0
82005.43512263198,39986.33884109396,-23.709325868496098,43.722776786593535,3960.0
81886.86869976943,40204.94107256832,-23.71328457250938,43.720446294871834,3965.0
81768.28243080158,40423.531618118184,-23.717253793568407,43.718109109973504,3970.0
81649.67626286278,40642.110444092104,-23.72123358776053,43.71576519478436,3975.0
81531.05014280466,40860.67751665153,-23.72522401162339,43.71341451188448,3980.0
81412.40401719391,41079.232801769256,-23.729225122149696,43.71105702354479,3985.0
81293.73783230995,41297.776265227876,-23.733236976792128,43.70869269172371,3990.0
81175.0515341426,41516.30787261819,-23.737259633468355,43.70632147806369,3995.0
81056.34506838978,41734.827589337634,-23.741293150566,43.703943343887744,4000.0
80937.61838045504,41953.335380588614,-23.74533758694781,43.7015582501959,4005.0
80818.87141544526,42171.83121137692,-23.74939300195676,43.69916615766161,4010.0
80700.10411816815,42390.31504651006,-23.753459455421357,43.69676702662811,4015.0
80581.31643312985,42608.786850595585,-23.757537007660897,43.69436081710478,4020.0
80462.5083045324,42827.2465880394,-23.76162571949091,43.69194748876336,4025.0
80343.67967627126,43045.69422304407,-23.76572565222856,43.68952700093418,4030.0
80224.83049193276,43264.12971960708,-23.76983686769823,43.6870993126023,4035.0
80105.96069479157,43482.5530415191,-23.7739594282371,43.68466438240366,4040.0
79987.07022780807,43700.964152362205,-23.778093396700875,43.68222216862105,4045.0
79868.15903362572,43919.363015508105,-23.782238836469503,43.67977262918024,4050.0
79749.22705456846,44137.749594116336,-23.78639581145308,43.67731572164575,4055.0
79630.27423263797,44356.12385113242,-23.790564386097735,43.674851403216834,4060.0
79511.30050951101,44574.48574928603,-23.794744625391697,43.67237963072329,4065.0
79392.30582653666,44792.835251089135,-23.798936594871325,43.669900360621185,4070.0
79273.29012473352,45011.17231883408,-23.803140360627356,43.66741354898861,4075.0
79154.25334478696,45229.496914591684,-23.807355989311166,43.664919151521254,4080.0
79035.19542704626,45447.80900020932,-23.811583548141094,43.66241712352803,4085.0
78916.11631152172,45666.10853730896,-23.81582310490894,43.659907419926554,4090.0
78797.01593788179,45884.395487285154,-23.8200747279865,43.6573899952386,4095.0
78677.89424545014,46102.66981130308,-23.824338486332195,43.65486480358551,4100.0
78558.75117320265,46320.9314702965,-23.828614449497785,43.652331798683456,4105.0
78439.58665976446,46539.18042496569,-23.83290268763525,43.64979093383873,4110.0
78320.40064340695,46757.41663577541,-23.837203271503686,43.64724216194288,4115.0
78201.19306204456,46975.64006295275,-23.84151627247636,43.64468543546783,4120.0
78081.96385323182,47193.85066648505,-23.845841762547796,43.642120706460936,4125.0
77962.71295416012,47412.04840611775,-23.850179814341036,43.63954792653988,4130.0
77843.44030165454,47630.23324135219,-23.854530501115015,43.63696704688766,4135.0
77724.14583217067,47848.405131443425,-23.85889389677198,43.63437801824725,4140.0
77604.82948179136,48066.564035398005,-23.863270075865014,43.63178079091646,4145.0
77485.49118622333,48284.70991197172,-23.867659113605775,43.62917531474253,4150.0
77366.13088079396,48502.8427196673,-23.872061085872236,43.6265615391167,4155.0
77246.74850044788,48720.962416732145,-23.87647606921659,43.623939412968696,4160.0
77127.34397974351,48939.06896115595,-23.880904140873277,43.621308884761156,4165.0
77007.91725284967,49157.16231066837,-23.885345378767116,43.61866990248393,4170.0
76888.46825354206,49375.242422736614,-23.889799861521542,43.61602241364834,4175.0
76768.99691519972,49593.30925456302,-23.894267668467034,43.61336636528127,4180.0
76649.50317080147,49811.362763082616,-23.898748879649567,43.610701703919304,4185.0
76529.98695292228,50029.40290496063,-23.903243575839287,43.608028375602615,4190.0
76410.44819372958,50247.42963658998,-23.90775183853928,43.6053463258689,4195.0
76286.72317143223,50454.668079297466,-24.745004459469865,41.447688541497804,4200.0
76167.16267056362,50672.68187330172,-23.912100173723,43.60275880085064,4205.0
76047.83854503455,50871.59564599698,-23.864825105813132,39.78275453905277,4210.0
75928.51646896708,51070.51063867672,-23.864415213494127,39.7829985359479,4215.0
75809.19644794268,51269.426854636295,-23.86400420488006,39.78324319191445,4220.0
75689.87848757418,51468.344297189506,-23.86359207369894,39.78348851064159,4225.0
75570.56259350605,51667.26296966876,-23.863178813625264,39.78373449584984,4230.0
75451.24877141466,51866.18287542521,-23.86276441827941,39.783981151291506,4235.0
75331.93702700852,52065.10401782897,-23.862348881227028,39.784228480751,4240.0
75212.62736602862,52264.0264002692,-23.861932195978383,39.78447648804524,4245.0
75093.31979424869,52462.95002615432,-23.861514355987733,39.784725177023994,4250.0
74974.01431747542,52661.874898912174,-23.86109535465268,39.78497455157026,4255.0
74854.71094154885,52860.80102199018,-23.860675185313497,39.7852246156007,4260.0
74735.40967234259,53059.72839885551,-23.860253841252476,39.785475373065964,4265.0
74616.11051576413,53258.65703299526,-23.859831315693246,39.785726827951144,4270.0
74496.81347775513,53457.586927916636,-23.859407601800058,39.78597898427615,4275.0
74377.51856429175,53656.51808714712,-23.858982692677152,39.78623184609608,4280.0
74258.22578138491,53855.450514234624,-23.85855658136796,39.78648541750175,4285.0
74138.93513508064,54054.384212747726,-23.858129260854465,39.78673970261999,4290.0
74019.64663146036,54253.319186275796,-23.85770072405642,39.78699470561417,4295.0
73900.36027664121,54452.255438429216,-23.857270963830643,39.787250430684516,4300.0
73781.07607677636,54651.19297283956,-23.856839972970224,39.78750688206868,4305.0
73661.79403805533,54850.13179315977,-23.856407744203814,39.78776406404213,4310.0
73542.51416670436,55049.07190306437,-23.855974270194796,39.78802198091858,4315.0
73423.23646898667,55248.01330624962,-23.855539543540534,39.788280637050484,4320.0
73303.96095120281,55446.956006433764,-23.855103556771578,39.78854003682948,4325.0
73184.68761969106,55645.900007357195,-23.854666302350804,39.78880018468691,4330.0
73065.4164808277,55844.845312782665,-23.854227772672665,39.78906108509424,4335.0
72946.14754102739,56043.79192649548,-23.85378796006231,39.78932274256358,4340.0
72826.88080674352,56242.73985230373,-23.853346856774706,39.78958516164817,4345.0
72707.61628446855,56441.68909403844,-23.85290445499388,39.789848346942954,4350.0
72588.35398073439,56640.63965555387,-23.852460746831916,39.79011230308497,4355.0
72469.09390211276,56839.59154072763,-23.852015724328165,39.79037703475394,4360.0
72349.83605521552,57038.544753461,-23.851569379448296,39.79064254667281,4365.0
72230.58044669511,57237.49929767904,-23.85112170408339,39.79090884360826,4370.0
72111.32708324486,57436.45517733089,-23.850672690049,39.79117593037124,4375.0
71992.07597159944,57635.41239638998,-23.85022232908424,39.791443811817565,4380.0
71872.82711853518,57834.37095885422,-23.849770612850786,39.791712492848426,4385.0
71753.58053087052,58033.33086874627,-23.84931753293191,39.791981978411,4390.0
71634.33621546636,58232.29213011377,-23.848863080831514,39.792252273499,4395.0
71515.0941792265,58431.25474702953,-23.848407247973107,39.7925233831533,4400.0
71395.854429098,58630.218723591846,-23.847950025698747,39.7927953124625,4405.0
71276.61697207167,58829.184063924666,-23.847491405268077,39.793068066563514,4410.0
71157.38181518238,59028.150772177876,-23.8470313778572,39.79334165064228,4415.0
71038.1489655096,59227.11885252755,-23.846569934557653,39.793616069934295,4420.0
70918.91843017771,59426.08830917618,-23.846107066375303,39.79389132972529,4425.0
70799.69021635657,59625.05914635294,-23.84564276422922,39.79416743535186,4430.0
70680.46433126181,59824.031368313954,-23.84517701895058,39.79444439220214,4435.0
70561.24078215541,60023.004979342535,-23.844709821281516,39.79472220571649,4440.0
70442.01957634604,60221.97998374948,-23.844241161873935,39.79500088138814,4445.0
70322.80072118959,60420.9563858733,-23.843771031288377,39.795280424763874,4450.0
70203.58422408963,60619.93419008052,-23.84329941999275,39.79556084144481,4455.0
70084.37009249782,60818.91340076596,-23.84282631836119,39.795842137086986,4460.0
69965.15833391446,61017.89402235297,-23.842351716672745,39.79612431740223,4465.0
69845.9489558889,61216.87605929377,-23.84187560511018,39.79640738815879,4470.0
69726.74196602011,61415.85951606968,-23.841397973758628,39.79669135518211,4475.0
69607.53737195709,61614.84439719146,-23.840918812604336,39.79697622435566,4480.0
69488.33518139942,61813.830707199566,-23.84043811153333,39.79726200162158,4485.0
69369.13540209777,62012.818450664476,-23.839955860330036,39.79754869298161,4490.0
69249.93804185439,62211.80763218697,-23.83947204867596,39.797836304497785,4495.0
69130.74310852365,62410.79825639843,-23.838986666148237,39.798124842293326,4500.0
69011.55061001255,62609.7903279612,-23.838499702218268,39.79841431255342,4505.0
68892.3605542813,62808.78385156883,-23.838011146250228,39.79870472152608,4510.0
68767.63801990727,63016.24650949828,-24.944506874806855,41.49253158589068,4515.0
68642.91930809294,63223.71143950852,-24.943742362868104,41.49298600204829,4520.0
68518.20443264896,63431.178649714035,-24.942975088797027,41.49344204110205,4525.0
68393.4934074866,63638.64814828808,-24.9422050324704,41.493899714808045,4530.0
68268.78624661888,63846.11994346333,-24.94143217354398,41.49435903505101,4535.0
68144.08296416163,64053.59404353256,-24.94065649144916,41.49482001384625,4540.0
68019.38357433469,64261.070456849266,-24.939877965389766,41.495282663341484,4545.0
67894.68809146299,64468.54919182836,-24.939096574338603,41.4957469958189,4550.0
67769.99652997781,64676.03025694685,-24.938312297034063,41.49621302369705,4555.0
67645.30890441794,64883.51366074451,-24.93752511197659,41.496680759532964,4560.0
67520.6252294308,65090.99941182463,-24.936734997425173,41.497150216024174,4565.0
67395.94551977384,65298.48751885469,-24.935941931393625,41.49762140601084,4570.0
67271.26979031561,65505.97799056707,-24.93514589164696,41.49809434247788,4575.0
67146.59805603712,65713.47083575986,-24.93434685569758,41.498569038557186,4580.0
67029.87540350742,65923.66992801352,-23.344530505938994,42.039818450731545,4585.0
66905.18435498161,66131.15129793188,-24.938209705163715,41.49627398367298,4590.0
66780.49734811793,66338.63506934229,-24.93740137273586,41.49675428208228,4595.0
66655.81439836306,66546.12125131737,-24.936589950975414,41.49723639501696,4600.0
66531.13552128272,66753.60985299929,-24.935775416068797,41.497720336384326,4605.0
66406.4607325631,66961.10088360055,-24.934957743925594,41.498206120252696,4610.0
66281.79004801222,67168.59435240482,-24.934136910174242,41.49869376085398,4615.0
66157.12348356143,67376.09026876774,-24.93331289015764,41.499183272586215,4620.0
66032.46105526679,67583.58864211783,-24.932485658928652,41.499674670016134,4625.0
65907.80277931056,67791.08948195724,-24.931655191245557,41.50016796788183,4630.0
65783.14867200272,67998.59279786272,-24.930821461567362,41.500663181095476,4635.0
65658.49874978248,68206.09859948645,-24.929984444049083,41.50116032474606,4640.0
65533.85302921979,68413.60689655696,-24.929144112536875,41.5016594141022,4645.0
65409.211527016974,68621.11769888003,-24.928300440563078,41.50216046461506,4650.0
65284.57426001027,68828.63101633964,-24.927453401341193,41.50266349192117,4655.0
65159.94124517147,69036.14685889886,-24.926602967760747,41.503168511845516,4660.0
65035.31249960956,69243.6652366009,-24.925749112382004,41.503675540404544,4665.0
64910.68804057241,69451.18615956994,-24.92489180743064,41.50418459380922,4670.0
64786.06788544844,69658.70963801228,-24.924031024792246,41.50469568846831,4675.0
64661.45205176841,69866.23568221724,-24.92316673600679,41.50520884099149,4680.0
64536.84055720709,70073.76430255821,-24.922298912262903,41.50572406819275,4685.0
64412.23341958513,70281.29550949368,-24.921427524392044,41.506241387093674,4690.0
64287.63065687082,70488.8293135683,-24.920552542862627,41.506760814926956,4695.0
64163.032287181944,70696.365725414,-24.91967393777388,41.50728236913989,4700.0
64038.4383287877,70903.90475575099,-24.918791678849747,41.507806067397915,4705.0
63913.848800110536,71111.44641538893,-24.917905735432544,41.508331927588316,4710.0
63789.26371972815,71318.99071522805,-24.91701607647646,41.508859967823916,4715.0
63664.68310637544,71526.53766626028,-24.916122670541082,41.50939020644697,4720.0
63540.10697894652,71734.08727957045,-24.915225485784568,41.509922662033,4725.0
63415.53535649674,71941.63956633743,-24.914324489956847,41.510457353394756,4730.0
63290.96825824477,72149.19453783536,-24.913419650392584,41.510994299586336,4735.0
63166.405703574754,72356.7522054349,-24.91251093400397,41.51153351990733,4740.0
63041.84771203838,72564.31258060443,-24.911598307273504,41.51207503390702,4745.0
62917.29430335715,72771.87567491137,-24.910681736246396,41.512618861388766,4750.0
62792.745497424534,72979.44150002344,-24.90976118652302,41.51316502241438,4755.0
62668.20131430828,73187.01006770998,-24.90883662325103,41.51371353730871,4760.0
62543.661774252694,73394.58138984331,-24.907908011117414,41.51426442666424,4765.0
62419.126897680995,73602.15547840005,-24.906975314340343,41.514817711345806,4770.0
62294.59670519769,73809.73234546253,-24.906038496660774,41.51537341249541,4775.0
62170.07121759102,74017.31200322021,-24.905097521333982,41.51593155153726,4780.0
62045.55045583542,74224.89446397113,-24.90415235112079,41.5164921501827,4785.0
61921.03444109403,74432.47974012331,-24.903202948278704,41.51705523043544,4790.0
61796.52319472127,74640.0678441963,-24.90224927455275,41.5176208145968,4795.0
61672.01673826543,74847.65878882265,-24.901291291166153,41.5181889252712,4800.0
61555.68671181576,75056.24069440491,-23.266005289933872,41.71638111645214,4805.0
61431.159718310395,75263.819458955,-24.905398701073374,41.51575291001675,4810.0
61306.637581530136,75471.4011041671,-24.904427356051745,41.516329042420736,4815.0
61168.98754202191,75670.20418640973,-27.530007901645668,39.76061644852421,4820.0
61031.406500981444,75869.04817510824,-27.51620820809377,39.76879773970202,4825.0
60893.89478918113,76067.93323562342,-27.502342360062062,39.77701210303631,4830.0
60756.45274051298,76266.85953473915,-27.488409733630885,39.78525982314744,4835.0
60619.08069203269,76465.8272406813,-27.47440969605782,39.79354118843179,4840.0
60481.77898400463,76664.83652313695,-27.460341605610868,39.80185649112963,4845.0
60344.547959947646,76863.88755327393,-27.446204811397727,39.810206027394656,4850.0
60207.387966681694,77062.98050376076,-27.431998653190973,39.818590097365,4855.0
60070.29935437545,77262.11554878694,-27.41772246124904,39.82700900523604,4860.0
59933.28247659479,77461.29286408362,-27.403375556132932,39.83546305933463,4865.0
59796.33769035219,77660.51262694459,-27.388957248518505,39.843952572195334,4870.0
59659.465356157176,77859.77501624778,-27.37446683900408,39.852477860638274,4875.0
59522.66583806761,78059.08021247701,-27.359903617913563,39.861039245848815,4880.0
59385.939503742135,78258.42839774431,-27.34526686509454,39.869637053459165,4885.0
59249.28672449358,78457.81975581247,-27.3305558497115,39.878271613631924,4890.0
59112.70787534341,78657.25447211819,-27.31576983003389,39.886943261145504,4895.0
58976.20333507731,78856.7327337956,-27.30090805321896,39.89565233548176,4900.0
58839.77348630187,79056.25472970017,-27.285969755089067,39.90439918091562,4905.0
58703.418715502354,79255.8206504332,-27.270954159903496,39.91318414660683,4910.0
58567.13941310173,79455.43068836667,-27.2558604801244,39.922007586694086,4915.0
58430.93597352084,79655.08503766863,-27.24068791617695,39.93086986039128,4920.0
58294.80879523983,79854.78389432906,-27.225435656203146,39.93977133208624,4925.0
58158.75828086078,80054.52745618626,-27.210102875809515,39.94871237144182,4930.0
58022.784837171734,80254.31592295376,-27.194688737808196,39.95769335349957,4935.0
57895.18134786247,80458.76237416922,-25.52069786185313,40.88929024309371,4940.0
57759.31967856339,80658.61589905682,-27.172333859814742,39.97070497752034,4945.0
57623.53632016245,80858.51495764685,-27.156671680188584,39.97981171800671,4950.0
57487.83169684532,81058.45975753464,-27.14092466342504,39.98895997755713,4955.0
57352.20623732411,81258.4505083345,-27.125091904241128,39.99815015997295,4960.0
57216.66037490983,81458.48742171009,-27.109172482857293,40.00738267511641,4965.0
57085.034951757974,81660.7118677849,-26.325084630370725,40.44488921496411,4970.0
56949.62871624799,81860.82966173803,-27.081247101996425,40.02355879062439,4975.0
56814.30340325205,82060.99427484498,-27.065062599188927,40.03292262139028,4980.0
56679.05946522716,82261.20592733407,-27.04878760497866,40.04233049781743,4985.0
56543.897359615796,82461.4648416446,-27.032421122273377,40.05178286210584,4990.0
56436.72730743081,82675.58408151094,-21.434010436996335,42.82384797326842,4995.0
56301.57839050726,82875.85060893127,-27.029783384710004,40.05330548406769,5000.0
56190.3657872487,83088.23705506577,-22.242520651711924,42.477289226899295,5005.0
56055.25185674085,83288.52377294027,-27.022786101571228,40.05734357490059,5010.0
55930.41355810232,83494.41653599397,-24.967659727705055,41.178552610738215,5015.0
55812.32280354458,83703.57195314918,-23.61815091154868,41.83108343104237,5020.0
55677.3090165354,83903.91642075458,-27.002757401835254,40.06889352108238,5025.0
55558.24592548665,84112.57507947969,-23.812618209750127,41.731731745021115,5030.0
55423.312963752614,84312.96611067872,-26.98659234680629,40.07820623980694,5035.0
55304.03041341127,84521.52568384592,-23.856510068269262,41.71191463343834,5040.0
55169.18093353461,84721.96476608653,-26.969895975330463,40.087816448122695,5045.0
55034.419098599115,84922.45424858276,-26.952366987098507,40.097896499244854,5050.0
54906.646608930525,85126.78759676387,-25.554497933717773,40.86666963622178,5055.0
54779.450291538225,85331.42878881688,-25.43926347845993,40.928238410600954,5060.0
54651.2713856411,85535.55469037198,-25.635781179424693,40.825180311021434,5065.0
54523.37641727522,85739.83785670067,-25.578993673175443,40.85663326573902,5070.0
54388.89566139572,85940.48864942377,-26.89615117589942,40.130158544620166,5075.0
54254.50580402158,86141.19150276323,-26.87797147482798,40.14057066789102,5080.0
54120.20741497882,86341.94669099769,-26.85967780855222,40.15103764689261,5085.0
53986.001071140396,86542.7544914943,-26.841268767684504,40.16156009932307,5090.0
53851.88735655713,86743.61518476244,-26.822742916654114,40.17213865362823,5095.0
53717.86686259185,86944.52905450872,-26.80409879305579,40.18277394925581,5100.0
53583.940188056964,87145.4963876933,-26.78533490697802,40.193466636917016,5105.0
53450.10793935541,87346.51747458758,-26.76644974031013,40.2042173788562,5110.0
53316.370730625276,87547.59260883323,-26.747441746027455,40.215026849128634,5115.0
53182.729183888005,87748.72208750267,-26.72830934745377,40.225895733886794,5120.0
53057.0452175089,87960.35069056887,-25.13679327582072,42.32572061324062,5125.0
52931.38942943813,88171.99527372733,-25.13115761415447,42.328916631691804,5130.0
52805.76201045794,88383.65594019827,-25.125483796037607,42.33213329418869,5135.0
52680.16315392955,88595.33279456379,-25.119771305678555,42.335370873104914,5140.0
52554.593055845624,88807.02594279512,-25.114019616784773,42.33862964626881,5145.0
52429.05191488424,89018.73549228067,-25.108228192276062,42.341909897110405,5150.0
52303.5399324643,89230.46155185474,-25.102396483988127,42.345211914813525,5155.0
52178.05731280247,89442.2042318271,-25.096523932365873,42.34853599447294,5160.0
52052.60426297174,89653.96364401338,-25.090609966146065,42.35188243725707,5165.0
51927.1809929616,89865.73990176625,-25.084654002028785,42.35525155057622,5170.0
51801.78771573991,90077.53312000753,-25.078655444337354,42.3586436482568,5175.0
51676.424647316584,90289.34341526114,-25.072613684666166,42.362059050721555,5180.0
51551.092006809005,90501.17090568703,-25.066528101515928,42.365498085176284,5185.0
51425.790016509425,90713.01571111605,-25.060398059915652,42.36896108580318,5190.0
51300.51890195427,90924.87795308586,-25.054222911031058,42.372448393961115,5195.0
51175.27889199548,91136.75775487782,-25.04800199175856,42.375960358393186,5200.0
51050.07021887395,91348.65524155502,-25.04173462430437,42.37949733544184,5205.0
50924.893118295215,91560.57054000138,-25.035420115747854,42.38305968927188,5210.0
50799.74782950727,91772.5037789619,-25.0290577575887,42.38664779210172,5215.0
50674.634595380885,91984.4550890841,-25.022646825276908,42.39026202444333,5220.0
50549.55366249226,92196.42460296086,-25.01618657772502,42.393902775351144,5225.0
50424.50528120825,92408.41245517426,-25.00967625680169,42.39757044268034,5230.0
50299.48970577422,92620.41878234103,-25.003115086805618,42.40126543335513,5235.0
50174.50719440462,92832.44372315927,-24.99650227391922,42.40498816364719,5240.0
50049.558009376415,93044.4874184566,-24.989837005640783,42.40873905946499,5245.0
49924.64241712544,93256.55001123987,-24.983118450194265,42.41251855665446,5250.0
49799.760688345865,93468.63164674643,-24.976345755915613,42.416327101311275,5255.0
49674.913098092795,93680.73247249697,-24.969518050614507,42.42016515010581,5260.0
49550.099925888244,93892.85263835007,-24.962634440910254,42.424033170620945,5265.0
49425.32145583054,94104.99229655859,-24.955694011540682,42.42793164170346,5270.0
49300.577976707325,94317.15160182773,-24.94869582464263,42.43186105382982,5275.0
49175.86978211231,94529.33071137517,-24.941638919002663,42.43582190948689,5280.0
49051.19717056593,94741.529784993,-24.934522309276435,42.43981472356836,5285.0
48926.560445640054,94953.74898511195,-24.92734498517527,42.44384002378775,5290.0
48801.95991608696,95165.9884768675,-24.92010591061813,42.447898351108776,5295.0
48677.395895972724,95378.24842816846,-24.912804022847343,42.45199026019389,5300.0
48552.86870481519,95590.52900976782,-24.90543823150601,42.45611631987209,5305.0
48428.378667726814,95802.83039533596,-24.898007417675412,42.46027711362678,5310.0
48303.92611556246,96015.15276153648,-24.890510432869878,42.464473240105,5315.0
48179.511385072525,96227.49628810472,-24.88294609798726,42.468705313648904,5320.0
48055.13481906146,96439.86115792897,-24.87531320221244,42.47297396485077,5325.0
47930.79676655211,96652.24755713463,-24.86761050187119,42.47727984113289,5330.0
47806.49758295595,96864.6556751714,-24.859836719232064,42.481623607353484,5335.0
47682.237630249685,97077.0857049036,-24.851990541253016,42.4860059464403,5340.0
47558.01727715834,97289.53784270387,-24.844070618269985,42.49042756005319,5345.0
47433.83689934522,97502.01228855025,-24.83607556262403,42.49488916927752,5350.0
47309.6968796091,97714.509246127,-24.828003947223607,42.499391515349885,5355.0
47185.59760808891,97927.0289229291,-24.819854304038223,42.503935360418176,5360.0
47061.53948247631,98139.57153037078,-24.811625122519537,42.508521488337884,5365.0
46937.522908236584,98352.13728389832,-24.803314847945646,42.51315070550672,5370.0
46813.54829883816,98564.72640310702,-24.79492187968408,42.51782384173979,5375.0
46689.61607599132,98777.33911186297,-24.786444569368573,42.52254175118781,5380.0
46565.726669896394,98989.97563842947,-24.777881218984614,42.52730531330069,5385.0
46441.880519502105,99202.63621559867,-24.76923007885799,42.532115433839586,5390.0
46318.0780727744,99415.32108082838,-24.760489345540588,42.53697304594,5395.0
46194.31978697646,99628.03047638452,-24.751657159586966,42.54187911122927,5400.0
46070.60612896039,99840.76464948953,-24.74273160321491,42.54683462100179,5405.0
45954.54325040332,100053.26639055133,-23.212575711413947,42.50034821236099,5410.0
45830.85987181463,100266.01736800755,-24.736675717738994,42.55019549124456,5415.0
45707.22256437519,100478.7939031023,-24.727461487887943,42.55530701894848,5420.0
45583.63183619058,100691.59626453463,-24.718145636921335,42.56047228646763,5425.0
45468.85268170003,100910.19684476877,-22.95583089810917,43.72011604682781,5430.0
45354.0199626907,101128.76773986501,-22.966543801866376,43.71417901924775,5435.0
45239.133078832645,101347.30859932385,-22.977376771611144,43.70817189176845,5440.0
45124.19141616427,101565.81906447711,-22.988332533675294,43.702093030652236,5445.0
45009.194346622324,101784.29876820135,-22.999413908389574,43.695940744846304,5450.0
44894.14122755004,102002.74733461776,-23.010623814457006,43.68971328328097,5455.0
44779.031401182125,102221.1643787778,-23.02196527358369,43.68340883200737,5460.0
44663.8641941052,102439.54950633361,-23.033441415385457,43.6770255111627,5465.0
44548.638916692245,102657.90231319236,-23.045055482590257,43.67056137175075,5470.0
44433.354862509455,102876.22238515348,-23.056810836558032,43.6640143922239,5475.0
44318.01130769375,103094.50929752774,-23.068710963141484,43.65738247485164,5480.0
44202.60751029918,103312.76261473703,-23.080759478913432,43.65066344185975,5485.0
44087.14270961024,103530.98188989365,-23.092960137788634,43.64385503132219,5490.0
43971.61612541989,103749.16666435759,-23.10531683807039,43.63695489278681,5495.0
43856.026957270115,103967.31646727066,-23.117833629955044,43.629960582613684,5500.0
43740.37438365246,104185.43081506567,-23.13051472353066,43.62286955900334,5505.0
43624.657561165914,104403.50921094912,-23.143364497309353,43.61567917668972,5510.0
43508.87562362923,104621.55114435547,-23.15638750733675,43.608386681270446,5515.0
43393.0276811446,104839.55609037119,-23.169588496925677,43.600989203144366,5520.0
43277.112819109265,105057.5235091263,-23.182972407066767,43.59348375102314,5525.0
43161.1300971714,105275.4528451512,-23.196544387572676,43.585867204980744,5530.0
43045.07854812631,105493.3435266962,-23.210309809019204,43.57813630900069,5535.0
42928.95717674855,105711.19496501109,-23.22427427555258,43.5702876629769,5540.0
42812.76495855535,105929.00655358168,-23.238443638639435,43.56231771411971,5545.0
42696.50083849613,106146.77766732025,-23.25282401184407,43.55422274771282,5550.0
42580.163729562504,106364.50766170605,-23.26742178672646,43.545998877162006,5555.0
42463.75251131268,106582.1958718724,-23.282243649964546,43.53764203326924,5560.0
42347.2660283036,106799.8416116357,-23.297296601815916,43.52914795265899,5565.0
42230.70308842337,107017.44417246207,-23.312587976046412,43.520512165275065,5570.0
42114.06246111603,107235.00282236635,-23.32812546146808,43.51172998085723,5575.0
41997.342875489805,107452.51680473784,-23.343917125244744,43.50279647429602,5580.0
41880.5430182991,107669.9853370866,-23.35997143814234,43.49370646975259,5585.0
41763.66153178948,107887.40760970369,-23.37629730192233,43.48445452341652,5590.0
41646.69701139398,108104.78278422749,-23.392904079099818,43.47503490475931,5595.0
41529.6480032674,108322.1099921081,-23.409801625316128,43.465441576123446,5600.0
41412.51300164437,108539.38833296044,-23.427000324606247,43.455668170466886,5605.0
41295.29044600498,108756.61687279574,-23.4445111278775,43.445707967059455,5610.0
41177.9787180302,108973.79464212025,-23.462345594956997,43.43555386490135,5615.0
41060.57613832714,109190.92063388827,-23.480515940612793,43.42519835360269,5620.0
40943.0809629021,109407.99380129541,-23.499035085007712,43.41463348142841,5625.0
40825.49137935656,109625.01305539627,-23.51791670910901,43.40385082017104,5630.0
40707.80550277831,109841.9772625286,-23.537175315649336,43.39284142646649,5635.0
40590.02137129671,110058.88524152416,-23.556826296320477,43.3815957991127,5640.0
40472.13694126681,110275.73576068359,-23.57688600598069,43.37010383188557,5645.0
40354.15008204294,110492.52753448994,-23.597371844773097,43.358354761271016,5650.0
40236.058570297,110709.25922003215,-23.61830234918925,43.34633710844263,5655.0
40117.86008383063,110925.9294131057,-23.639697293273933,43.33403861470854,5660.0
39999.552194823846,111142.53664395332,-23.661577801357335,43.3214461695268,5665.0
39881.132362454206,111359.07937260353,-23.68396647392732,43.30854573004037,5670.0
39762.597924811584,111575.55598375807,-23.706887528524348,43.29532223090556,5675.0
39643.94609002227,111791.96478117295,-23.730366957863385,43.281759482976966,5680.0
39525.173926483396,112008.30398146874,-23.75443270777469,43.267840059157066,5685.0
39406.278352093286,112224.57170729579,-23.7791148780217,43.25354516541192,5690.0
39287.256122345185,112440.76597976871,-23.804445949619673,43.238854494582206,5695.0
39168.10381713035,112656.88471006953,-23.83046104296639,43.22374606016473,5700.0
39048.81782607066,112872.92569010296,-23.857198211937895,43.208196006684915,5705.0
38929.394332169984,113088.88658206594,-23.884698780136375,43.19217839259582,5710.0
38809.829293536204,113304.76490676991,-23.913007726755975,43.175664940793624,5715.0
38690.118422880594,113520.55803052384,-23.9421741311227,43.1586247507848,5720.0
38570.25716444583,113736.26315034994,-23.972251686953356,43.14102396521998,5725.0
38450.24066794641,113951.87727725916,-24.00329929988319,43.12282538184409,5730.0
38322.22009043057,114149.21725438115,-25.604115503167574,39.46799542439818,5735.0
38194.507969799044,114346.73819817652,-25.54242412630625,39.504188759073465,5740.0
38067.11466519951,114544.44555096694,-25.478660919907252,39.5414705580828,5745.0
37940.05125933245,114742.34511473529,-25.412681173410707,39.57991275367211,5750.0
37813.32963723314,114940.44308884398,-25.34432441986323,39.61959482173744,5755.0
37686.962576943195,115138.74611328417,-25.273412057988295,39.66060488803681,5760.0
37560.96385440574,115337.26131851661,-25.199744507491914,39.7030410464887,5765.0
37435.34836549044,115535.99638321945,-25.123097783059507,39.74701294056638,5770.0
37310.13226879903,115734.9596015883,-25.04321933828119,39.79264367376927,5775.0
37185.33315387745,115934.1599622652,-24.959822984316048,39.84007213537932,5780.0
37060.97024075577,116133.60724154208,-24.87258262433567,39.889455855374756,5785.0
36937.06461847565,116333.31211424561,-24.78112445602415,39.940974540705064,5790.0
36813.63953263032,116533.28628674062,-24.68501716906653,39.99483449900351,5795.0
36690.720735206654,116733.54265790421,-24.5837594847319,40.05127423271755,5800.0
36568.3369145958,116934.09551589574,-24.47676412217158,40.11057159830551,5805.0
36446.52023016817,117134.96078134759,-24.363336885526177,40.17305309037075,5810.0
36325.30698530569,117336.15631164865,-24.242648972496504,40.239106060213196,5815.0
36204.73848689688,117537.70228696972,-24.113699681761094,40.309195064213974,5820.0
36084.86216078819,117739.62170771931,-23.975265221738827,40.38388414991821,5825.0
35965.73302630939,117941.94104716211,-23.82582689575988,40.46386788855917,5830.0
35847.41568728275,118144.6911254325,-23.663467805327336,40.550015654077164,5835.0
35729.987087812304,118347.9083085267,-23.48571989408914,40.643436618843104,5840.0
35613.54043985517,118551.636200482,-23.289329591426423,40.745578391057514,5845.0
35514.76055443116,118761.95444706114,-19.755977084802048,42.063649315828506,5850.0
35398.43407431224,118965.74445130478,-23.26529602378383,40.75800084872733,5855.0
35283.549401530974,119170.27316342529,-22.976934556252623,40.9057424241014,5860.0
35170.37042171867,119375.66032992497,-22.635795962460843,41.07743329993814,5865.0
35059.28082614837,119582.07650403095,-22.217919114058276,41.283234821196785,5870.0
34724.99999999999,120290.92858565852,0.0,0.0,5885.994258449712
